{
    "arabica": [
        {
            "nama": "Kopi Arabika Sidikalang",
            "size": "1.000 Gram",
            "harga": "148.000",
            "foto": "https:\/\/rikikurnia.com\/prakerja\/api\/img\/1.jpg",
            "link": "https:\/\/www.tokopedia.com\/sopic-store\/kopi-arabika-sidikalang-1000-gr-biji"
        },
        {
            "nama": "Kopi Arabica Aceh Gayo Super",
            "size": "500 Gram",
            "harga": "58.000",
            "foto": "https:\/\/rikikurnia.com\/prakerja\/api\/img\/2.jpg",
            "link": "https:\/\/www.tokopedia.com\/sopic-store\/kopi-arabica-aceh-gayo-super-500-gr-bubuk-kasar"
        },
        {
            "nama": "Kopi Arabica Gayo Honey Process",
            "size": "1.000 Gram",
            "harga": "200.000",
            "foto": "https:\/\/rikikurnia.com\/prakerja\/api\/img\/3.jpg",
            "link": "https:\/\/www.tokopedia.com\/sopic-store\/kopi-arabica-gayo-honey-process-1-kg-bubuk-halus"
        },
        {
            "nama": "Kopi Arabica Gayo Premium Specialty",
            "size": "200 Gram",
            "harga": "49.000",
            "foto": "https:\/\/rikikurnia.com\/prakerja\/api\/img\/4.jpg",
            "link": "https:\/\/www.tokopedia.com\/sopic-store\/kopi-arabica-gayo-premium-specialty-200-gr-bubuk-biji-grosir-biji"
        },
        {
            "nama": "Kopi Luwak Liar Arabica Gayo",
            "size": "1.000 Gram",
            "harga": "280.000",
            "foto": "https:\/\/rikikurnia.com\/prakerja\/api\/img\/5.jpg",
            "link": "https:\/\/www.tokopedia.com\/sopic-store\/kopi-luwak-liar-arabica-gayo-1kg-biji-bubuk-bubuk-halus"
        },
        {
            "nama": "Kopi Arabica Gayo Peaberry",
            "size": "500 Gram",
            "harga": "105.000",
            "foto": "https:\/\/rikikurnia.com\/prakerja\/api\/img\/6.jpg",
            "link": "https:\/\/www.tokopedia.com\/sopic-store\/kopi-arabica-gayo-peaberry-jantan-500-gr-bubuk-biji-biji"
        },
        {
            "nama": "Kopi Arabica Gayo Wine",
            "size": "500 Gram",
            "harga": "118.000",
            "foto": "https:\/\/rikikurnia.com\/prakerja\/api\/img\/7.jpg",
            "link": "https:\/\/www.tokopedia.com\/sopic-store\/kopi-arabika-gayo-wine-500-gr-biji-bubuk-grosir-reseller-dropshiper-bubuk-halus"
        }
    ],
    "robusta": [
        {
            "nama": "Kopi Aceh Robusta Gayo Natural Premium",
            "size": "250 Gram",
            "harga": "25.000",
            "foto": "https:\/\/rikikurnia.com\/prakerja\/api\/img\/8.jpg",
            "link": "https:\/\/www.tokopedia.com\/sopic-store\/kopi-aceh-robusta-gayo-natural-premium-250-gr-bubuk-kasar"
        },
        {
            "nama": "Kopi Robusta Natural Sidikalang Premium",
            "size": "500 Gram",
            "harga": "40.000",
            "foto": "https:\/\/rikikurnia.com\/prakerja\/api\/img\/9.jpg",
            "link": "https:\/\/www.tokopedia.com\/sopic-store\/kopi-robusta-natural-sidikalang-premium-500-gr-biji"
        },
        {
            "nama": "Kopi Hayasa Toraja Robusta",
            "size": "1000 Gram",
            "harga": "128.000",
            "foto": "https://www.static-src.com/wcsstore/Indraprastha/images/catalog/full//98/MTA-36733265/no_brand_kopi_robusta_bubuk_toraja_250gr_premium_coffee_full01_499c188c.jpg",
            "link": "https://www.tokopedia.com/hayasacoffee/kopi-hayasa-toraja-robusta-1kg-1kg-biji-fbdfc?extParam=ivf%3Dfalse&src=topads"
        },
        {
            "nama": "Kopi Hayasa Robusta Temanggung",
            "size": "1000 Gram",
            "harga": "128.000",
            "foto": "https://www.static-src.com/wcsstore/Indraprastha/images/catalog/full//96/MTA-10553657/hayasa_coffee_kopi_hayasa_temanggung_java_specialty_arabika_-_500_gr_full02_t9dxfmwy.jpg",
            "link": "https://www.tokopedia.com/hayasacoffee/1kg-kopi-hayasa-robusta-temanggung-biji-416f7?extParam=src%3Dshop%26whid%3D1320463"
        }
    ],
    "lain": [
        {
            "nama": "Latte",
            "size": "100 Gram",
            "harga": "45.000",
            "foto": "images/produk/product_latte.jpg",
            "link": "https:www.tokopedia.com/teaheaven/chai-tea-latte-pure-powder-indian-masala-chai-bubuk-chai-latte-100-gr?extParam=ivf%3Dfalse&src=topads"
        },
        {
            "nama": "Cappucino",
            "size": "200 Gram",
            "harga": "70.000",
            "foto": "images/produk/product_capuchino.jpg",
            "link": "https://www.tokopedia.com/javalandcoffee/javaland-bubuk-minuman-varian-coffee-kopi-1kg-regular-plain-cappucino-09c76?extParam=ivf%3Dfalse&src=topads"
        },
        {
            "nama": "Bubble Tapioka Coffee",
            "size": "100 Gram",
            "harga": "30.000",
            "foto": "https://encrypted-tbn0.gstatic.com/images?q=tbn:ANd9GcTKtNXzqRFBEzX8V4xKdZkv_g_1tAfa_J7qkA&s",
            "link": "https://www.tokopedia.com/javalandcoffee/bubble-tapioca-coffee-1kg"
        },
        {
            "nama": "Macchiato",
            "size": "100 Gram",
            "harga": "106.000",
            "foto": "https://kurio-img.kurioapps.com/19/05/28/50de339f-7e20-4738-b9a4-a2ba49991add.jpg",
            "link": "https://www.tokopedia.com/javalandcoffee/javaland-bubuk-minuman-varian-coffee-kopi-1kg-regular-plain-cappucino-09c76?extParam=ivf%3Dfalse&src=topads"
        },
        {
            "nama": "Espresso",
            "size": "500 Gram",
            "harga": "85.000",
            "foto": "images/produk/product_espresso.jpg",
            "link": "https://www.tokopedia.com/thecoldcrafters/crema-gold-espresso-blend-arabica-mix-coffee-arabika-biji-kopi-bubuk-1kg-biji-kopi-d104b?extParam=ivf%3Dtrue&src=topads"
        },
        {
            "nama": "Kopi Susu",
            "size": "500 Gram",
            "harga": "85.000",
            "foto": "images/produk/product_kopi_susu.jpg",
            "link": "https://www.tokopedia.com/thecoldcrafters/kopi-susu-blend-arabica-20-robusta-80-roasted-coffee-beans-biji-giling-medium-200-gram?extParam=ivf%3Dtrue&src=topads"
        }
    ]
}